"Company Name","Job Link","Job Title","Job Location","Posted Before","Source URL","Source Name"
"Crowdz","https://www.linkedin.com/jobs/view/business-development-manager-at-crowdz-3030496298?refId=xM91rvzjF5KHTGPTUOgfEA%3D%3D&trackingId=fure2nksvZdL%2FdRm1ziy5w%3D%3D&position=1&pageNum=0&trk=public_jobs_jserp-result_search-card","Business Development Manager","United States","2022-04-20","https://www.linkedin.com/jobs/search/?f_C=7598359&geoId=92000000","LinkedIn"
"Crowdz","https://www.linkedin.com/jobs/view/content-marketing-coordinator-at-crowdz-2938146127?refId=xM91rvzjF5KHTGPTUOgfEA%3D%3D&trackingId=hLhFW3RQzp6f%2Bf7Mlj%2BgJA%3D%3D&position=2&pageNum=0&trk=public_jobs_jserp-result_search-card","Content Marketing Coordinator","United States","2022-03-03","https://www.linkedin.com/jobs/search/?f_C=7598359&geoId=92000000","LinkedIn"
"Crowdz","https://www.linkedin.com/jobs/view/business-development-manager-at-crowdz-3030923975?refId=xM91rvzjF5KHTGPTUOgfEA%3D%3D&trackingId=RXiZ5yn5QoVEuvM9uJ%2Bgig%3D%3D&position=3&pageNum=0&trk=public_jobs_jserp-result_search-card","Business Development Manager","United States","2022-04-20","https://www.linkedin.com/jobs/search/?f_C=7598359&geoId=92000000","LinkedIn"
"Crowdz","https://www.linkedin.com/jobs/view/business-development-manager-at-crowdz-3030490911?refId=xM91rvzjF5KHTGPTUOgfEA%3D%3D&trackingId=tf0AI9Dxyo2%2F%2FfooHO6%2BtQ%3D%3D&position=4&pageNum=0&trk=public_jobs_jserp-result_search-card","Business Development Manager","United States","2022-04-20","https://www.linkedin.com/jobs/search/?f_C=7598359&geoId=92000000","LinkedIn"
"Crowdz","https://www.linkedin.com/jobs/view/digital-marketing-coordinator-paid-media-at-crowdz-2945718570?refId=xM91rvzjF5KHTGPTUOgfEA%3D%3D&trackingId=AZZS9agr8umUWiaIRC9ZDQ%3D%3D&position=5&pageNum=0&trk=public_jobs_jserp-result_search-card","Digital Marketing Coordinator - Paid Media","United States","2022-03-07","https://www.linkedin.com/jobs/search/?f_C=7598359&geoId=92000000","LinkedIn"
"Crowdz","https://uk.linkedin.com/jobs/view/business-development-manager-emea-at-crowdz-3033013630?refId=xM91rvzjF5KHTGPTUOgfEA%3D%3D&trackingId=mWwuFUTmJKCce%2FM2RWN06A%3D%3D&position=6&pageNum=0&trk=public_jobs_jserp-result_search-card","Business Development Manager- EMEA","London, England, United Kingdom","2022-04-21","https://www.linkedin.com/jobs/search/?f_C=7598359&geoId=92000000","LinkedIn"
"Crowdz","https://uk.linkedin.com/jobs/view/business-development-manager-emea-at-crowdz-3033016039?refId=xM91rvzjF5KHTGPTUOgfEA%3D%3D&trackingId=wd0iFMHKiWNmj6a2Z9gN7w%3D%3D&position=7&pageNum=0&trk=public_jobs_jserp-result_search-card","Business Development Manager- EMEA","London, England, United Kingdom","2022-04-21","https://www.linkedin.com/jobs/search/?f_C=7598359&geoId=92000000","LinkedIn"
"Crowdz","https://uk.linkedin.com/jobs/view/business-development-manager-emea-at-crowdz-3033012587?refId=xM91rvzjF5KHTGPTUOgfEA%3D%3D&trackingId=%2B50MLGZOgvILHBcuqSsPTQ%3D%3D&position=8&pageNum=0&trk=public_jobs_jserp-result_search-card","Business Development Manager- EMEA","London, England, United Kingdom","2022-04-21","https://www.linkedin.com/jobs/search/?f_C=7598359&geoId=92000000","LinkedIn"
"Crowdz","https://www.linkedin.com/jobs/view/sales-development-representative-at-crowdz-3004835979?refId=xM91rvzjF5KHTGPTUOgfEA%3D%3D&trackingId=4TI41Xe%2BgvtcGG5V2h6Y%2Bw%3D%3D&position=9&pageNum=0&trk=public_jobs_jserp-result_search-card","Sales Development Representative","United States","2022-04-04","https://www.linkedin.com/jobs/search/?f_C=7598359&geoId=92000000","LinkedIn"
"Crowdz","https://uk.linkedin.com/jobs/view/sales-development-representative-at-crowdz-3004800426?refId=xM91rvzjF5KHTGPTUOgfEA%3D%3D&trackingId=CFxURp%2B%2FwW%2B1s0JhjP2AuA%3D%3D&position=10&pageNum=0&trk=public_jobs_jserp-result_search-card","Sales Development Representative","London, England, United Kingdom","2022-04-04","https://www.linkedin.com/jobs/search/?f_C=7598359&geoId=92000000","LinkedIn"
"Crowdz","https://www.linkedin.com/jobs/view/sales-development-representative-at-crowdz-3022824350?refId=xM91rvzjF5KHTGPTUOgfEA%3D%3D&trackingId=DOKtEi6wgmUccC3GU00JMg%3D%3D&position=11&pageNum=0&trk=public_jobs_jserp-result_search-card","Sales Development Representative","United States","2022-04-15","https://www.linkedin.com/jobs/search/?f_C=7598359&geoId=92000000","LinkedIn"
"Crowdz","https://www.linkedin.com/jobs/view/supplier-manager-at-crowdz-2990275957?refId=xM91rvzjF5KHTGPTUOgfEA%3D%3D&trackingId=3qITmfBm2BS4jqsc4QmqhA%3D%3D&position=12&pageNum=0&trk=public_jobs_jserp-result_search-card","Supplier Manager","United States","2022-03-29","https://www.linkedin.com/jobs/search/?f_C=7598359&geoId=92000000","LinkedIn"
"Crowdz","https://www.linkedin.com/jobs/view/sales-development-representative-at-crowdz-3030497228?refId=xM91rvzjF5KHTGPTUOgfEA%3D%3D&trackingId=QP7w8KewyD%2BVd2G2T%2Fj0Iw%3D%3D&position=13&pageNum=0&trk=public_jobs_jserp-result_search-card","Sales Development Representative","United States","2022-04-20","https://www.linkedin.com/jobs/search/?f_C=7598359&geoId=92000000","LinkedIn"
"Crowdz","https://www.linkedin.com/jobs/view/sales-development-representative-at-crowdz-3022854230?refId=xM91rvzjF5KHTGPTUOgfEA%3D%3D&trackingId=L9P8Q8EaP%2FBqah%2FXhiUekQ%3D%3D&position=14&pageNum=0&trk=public_jobs_jserp-result_search-card","Sales Development Representative","United States","2022-04-15","https://www.linkedin.com/jobs/search/?f_C=7598359&geoId=92000000","LinkedIn"
"Crowdz","https://www.linkedin.com/jobs/view/partner-marketing-manager-at-crowdz-3016950533?refId=xM91rvzjF5KHTGPTUOgfEA%3D%3D&trackingId=L3Nept%2Bkzr4m3qgRqp0APw%3D%3D&position=15&pageNum=0&trk=public_jobs_jserp-result_search-card","Partner Marketing Manager","United States","2022-04-12","https://www.linkedin.com/jobs/search/?f_C=7598359&geoId=92000000","LinkedIn"
"Crowdz","https://www.linkedin.com/jobs/view/svp-of-finance-potential-path-to-cfo-at-crowdz-2991578033?refId=xM91rvzjF5KHTGPTUOgfEA%3D%3D&trackingId=KoEby34GKxou8CRq3vLZhw%3D%3D&position=16&pageNum=0&trk=public_jobs_jserp-result_search-card","SVP of Finance (Potential Path to CFO)","United States","2022-03-30","https://www.linkedin.com/jobs/search/?f_C=7598359&geoId=92000000","LinkedIn"
"Crowdz","https://www.linkedin.com/jobs/view/sales-director-at-crowdz-3041399764?refId=xM91rvzjF5KHTGPTUOgfEA%3D%3D&trackingId=XOK2gFxeAxS1Jfy0NRBQMQ%3D%3D&position=17&pageNum=0&trk=public_jobs_jserp-result_search-card","Sales Director","United States","2022-04-26","https://www.linkedin.com/jobs/search/?f_C=7598359&geoId=92000000","LinkedIn"
"Crowdz","https://www.linkedin.com/jobs/view/sales-manager-at-crowdz-3041399296?refId=xM91rvzjF5KHTGPTUOgfEA%3D%3D&trackingId=ottNAJtr0DBj8FicJ%2FVHDA%3D%3D&position=18&pageNum=0&trk=public_jobs_jserp-result_search-card","Sales Manager","United States","2022-04-26","https://www.linkedin.com/jobs/search/?f_C=7598359&geoId=92000000","LinkedIn"
"Crowdz","https://www.linkedin.com/jobs/view/enterprise-sales-manager-whitelabels-at-crowdz-3041397905?refId=xM91rvzjF5KHTGPTUOgfEA%3D%3D&trackingId=LakRnfpbtDQWeYYtiGdLkg%3D%3D&position=19&pageNum=0&trk=public_jobs_jserp-result_search-card","Enterprise Sales Manager - Whitelabels","United States","2022-04-26","https://www.linkedin.com/jobs/search/?f_C=7598359&geoId=92000000","LinkedIn"
"Crowdz","https://www.linkedin.com/jobs/view/product-manager-at-crowdz-2975160540?refId=xM91rvzjF5KHTGPTUOgfEA%3D%3D&trackingId=bf0EkHF1J57kQlsLOGB8MA%3D%3D&position=20&pageNum=0&trk=public_jobs_jserp-result_search-card","Product Manager","United States","2022-03-21","https://www.linkedin.com/jobs/search/?f_C=7598359&geoId=92000000","LinkedIn"